becvalue,beclabel,zone,subzone,variant,phase
4,BG  xh 1,BG,xh,1,
247,ESSFxc 1,ESSF,xc,1,
87,ESSFxcp,ESSF,xcp,,
250,ESSFxcw,ESSF,xcw,,
116,IDF dk 1,IDF,dk,1,
131,IDF xh 1,IDF,xh,1,
258,IMA un,IMA,un,,
154,MS  dm 2,MS,dm,2,
265,MS  xk 1,MS,xk,1,
162,PP  xh 1,PP,xh,1,
